-- Seed data: 30 hospitals, 15 ambulances, 12 alerts
-- أسماء ومواقع واقعية داخل سوريا (بالعربية)

INSERT INTO hospitals (id, name, latitude, longitude, occupancy, type, status, governorate) VALUES
  ('a1000001-0000-4000-8000-000000000001', 'المشفى الوطني بدمشق', 33.5138, 36.2765, 72, 'Hospital', 'Active', 'دمشق'),
  ('a1000001-0000-4000-8000-000000000002', 'المركز الطبي الجامعي بحلب', 36.2021, 37.1343, 85, 'Hospital', 'Active', 'حلب'),
  ('a1000001-0000-4000-8000-000000000003', 'مشفى حمص المركزي', 34.7268, 36.7234, 58, 'Hospital', 'Active', 'حمص'),
  ('a1000001-0000-4000-8000-000000000004', 'المركز الطبي الساحلي باللاذقية', 35.5317, 35.7906, 41, 'Hospital', 'Active', 'اللاذقية'),
  ('a1000001-0000-4000-8000-000000000005', 'مشفى حماة الإقليمي', 35.1318, 36.7578, 33, 'Hospital', 'Active', 'حماة'),
  ('a1000001-0000-4000-8000-000000000006', 'مشفى طرطوس للطوارئ', 34.8950, 35.8867, 29, 'Hospital', 'Active', 'طرطوس'),
  ('a1000001-0000-4000-8000-000000000007', 'مشفى دير الزور العام', 35.3333, 40.1500, 67, 'Hospital', 'Maintenance', 'دير الزور'),
  ('a1000001-0000-4000-8000-000000000008', 'المجمع الطبي بالرقة', 35.9500, 39.0100, 54, 'Hospital', 'Active', 'الرقة'),
  ('a1000001-0000-4000-8000-000000000009', 'مشفى درعا الإقليمي', 32.6189, 36.1021, 46, 'Hospital', 'Active', 'درعا'),
  ('a1000001-0000-4000-8000-000000000010', 'مركز إدلب الصحي', 35.9306, 36.6339, 78, 'Clinic', 'Active', 'إدلب'),
  ('a1000001-0000-4000-8000-000000000011', 'مشفى القامشلي الشمالي', 37.0500, 41.2167, 38, 'Hospital', 'Active', 'الحسكة'),
  ('a1000001-0000-4000-8000-000000000012', 'عيادة الحسكة المجتمعية', 36.5000, 40.7500, 52, 'Clinic', 'Active', 'الحسكة'),
  ('a1000001-0000-4000-8000-000000000013', 'المركز الطبي الجبلي بالسويداء', 32.7086, 36.5694, 24, 'Hospital', 'Closed', 'السويداء'),
  ('a1000001-0000-4000-8000-000000000014', 'نقطة طبية ميدانية في تدمر', 34.5600, 38.2800, 91, 'Field Medical Point', 'Active', 'حمص'),
  ('a1000001-0000-4000-8000-000000000015', 'مشفى دمشق التخصصي للأطفال', 33.4900, 36.3000, 61, 'Hospital', 'Active', 'دمشق'),
  ('a1000001-0000-4000-8000-000000000016', 'مشفى المواساة الجامعي', 33.5050, 36.2910, 81, 'Hospital', 'Active', 'دمشق'),
  ('a1000001-0000-4000-8000-000000000017', 'مشفى الأسد الجامعي', 33.5280, 36.2680, 69, 'Hospital', 'Active', 'دمشق'),
  ('a1000001-0000-4000-8000-000000000018', 'عيادة دوما المجتمعية', 33.5720, 36.4020, 44, 'Clinic', 'Active', 'دمشق'),
  ('a1000001-0000-4000-8000-000000000019', 'مشفى ابن رشد بحلب', 36.2150, 37.1550, 76, 'Hospital', 'Active', 'حلب'),
  ('a1000001-0000-4000-8000-000000000020', 'عيادة حلب للرضوض', 36.1880, 37.1180, 63, 'Clinic', 'Active', 'حلب'),
  ('a1000001-0000-4000-8000-000000000021', 'نقطة طبية ميدانية في منبج', 36.5280, 37.9550, 88, 'Field Medical Point', 'Active', 'حلب'),
  ('a1000001-0000-4000-8000-000000000022', 'مشفى البر بحمص', 34.7400, 36.7100, 49, 'Hospital', 'Active', 'حمص'),
  ('a1000001-0000-4000-8000-000000000023', 'عيادة تلكلخ الريفية', 34.6800, 36.2500, 31, 'Clinic', 'Active', 'حمص'),
  ('a1000001-0000-4000-8000-000000000024', 'مشفى جبلة الساحلي', 35.3620, 35.9220, 37, 'Hospital', 'Active', 'اللاذقية'),
  ('a1000001-0000-4000-8000-000000000025', 'عيادة القرداحة الجبلية', 35.4570, 36.0580, 28, 'Clinic', 'Maintenance', 'اللاذقية'),
  ('a1000001-0000-4000-8000-000000000026', 'مشفى السلمية المناطقي', 35.0110, 37.0530, 55, 'Hospital', 'Active', 'حماة'),
  ('a1000001-0000-4000-8000-000000000027', 'عيادة مصياف المجتمعية', 35.0650, 36.3400, 42, 'Clinic', 'Active', 'حماة'),
  ('a1000001-0000-4000-8000-000000000028', 'مشفى بانياس المرفئي', 35.1820, 35.9480, 47, 'Hospital', 'Active', 'طرطوس'),
  ('a1000001-0000-4000-8000-000000000029', 'عيادة صافيتا الجبلية', 34.8200, 36.1200, 35, 'Clinic', 'Active', 'طرطوس'),
  ('a1000001-0000-4000-8000-000000000030', 'نقطة طبية ميدانية في الميادين', 35.0200, 40.4500, 82, 'Field Medical Point', 'Active', 'دير الزور');

INSERT INTO ambulances (id, code, latitude, longitude, status, hospital_id) VALUES
  ('b2000001-0000-4000-8000-000000000001', 'AMB-DAM-01', 33.5200, 36.2900, 'en_route', 'a1000001-0000-4000-8000-000000000001'),
  ('b2000001-0000-4000-8000-000000000002', 'AMB-ALP-02', 36.2100, 37.1400, 'available', 'a1000001-0000-4000-8000-000000000002'),
  ('b2000001-0000-4000-8000-000000000003', 'AMB-HMS-03', 34.7300, 36.7300, 'busy', 'a1000001-0000-4000-8000-000000000003'),
  ('b2000001-0000-4000-8000-000000000004', 'AMB-LAT-04', 35.5400, 35.8000, 'available', 'a1000001-0000-4000-8000-000000000004'),
  ('b2000001-0000-4000-8000-000000000005', 'AMB-HMA-05', 35.1400, 36.7600, 'en_route', 'a1000001-0000-4000-8000-000000000005'),
  ('b2000001-0000-4000-8000-000000000006', 'AMB-DAM-06', 33.5100, 36.3050, 'available', 'a1000001-0000-4000-8000-000000000016'),
  ('b2000001-0000-4000-8000-000000000007', 'AMB-DAM-07', 33.5350, 36.2750, 'busy', 'a1000001-0000-4000-8000-000000000017'),
  ('b2000001-0000-4000-8000-000000000008', 'AMB-ALP-08', 36.2200, 37.1600, 'en_route', 'a1000001-0000-4000-8000-000000000019'),
  ('b2000001-0000-4000-8000-000000000009', 'AMB-ALP-09', 36.5300, 37.9600, 'available', 'a1000001-0000-4000-8000-000000000021'),
  ('b2000001-0000-4000-8000-000000000010', 'AMB-TRS-10', 34.9000, 35.9000, 'available', 'a1000001-0000-4000-8000-000000000006'),
  ('b2000001-0000-4000-8000-000000000011', 'AMB-RAQ-11', 35.9600, 39.0200, 'en_route', 'a1000001-0000-4000-8000-000000000008'),
  ('b2000001-0000-4000-8000-000000000012', 'AMB-DEZ-12', 35.3400, 40.1600, 'busy', 'a1000001-0000-4000-8000-000000000007'),
  ('b2000001-0000-4000-8000-000000000013', 'AMB-DRZ-13', 32.6300, 36.1100, 'available', 'a1000001-0000-4000-8000-000000000009'),
  ('b2000001-0000-4000-8000-000000000014', 'AMB-HSK-14', 37.0600, 41.2300, 'en_route', 'a1000001-0000-4000-8000-000000000011'),
  ('b2000001-0000-4000-8000-000000000015', 'AMB-MYD-15', 35.0300, 40.4600, 'available', 'a1000001-0000-4000-8000-000000000030');

INSERT INTO alerts (id, message, severity, category, is_read, created_at) VALUES
  ('c3000001-0000-4000-8000-000000000001', 'تجاوز إشغال المشفى 90٪ في المركز الطبي الجامعي بحلب.', 'WARNING', 'Hospital', TRUE, NOW() - INTERVAL '45 minutes'),
  ('c3000001-0000-4000-8000-000000000002', 'سيارة الإسعاف AMB-DAM-01 غير متاحة الآن.', 'WARNING', 'Ambulance', TRUE, NOW() - INTERVAL '30 minutes'),
  ('c3000001-0000-4000-8000-000000000003', 'بلاغ حالة طارئة في دمشق.', 'CRITICAL', 'Emergency', FALSE, NOW() - INTERVAL '18 minutes'),
  ('c3000001-0000-4000-8000-000000000004', 'المركز الطبي الساحلي باللاذقية يسجل عمليات طبيعية.', 'INFO', 'System', TRUE, NOW() - INTERVAL '10 minutes'),
  ('c3000001-0000-4000-8000-000000000005', 'دخلت المنشأة الطبية وضع الصيانة في دير الزور.', 'WARNING', 'Hospital', FALSE, NOW() - INTERVAL '4 minutes'),
  ('c3000001-0000-4000-8000-000000000006', 'تجاوز إشغال المشفى 90٪ في النقطة الطبية الميدانية بتدمر.', 'CRITICAL', 'Hospital', FALSE, NOW() - INTERVAL '55 minutes'),
  ('c3000001-0000-4000-8000-000000000007', 'سيارة الإسعاف AMB-ALP-08 تطلب ممر أولوية.', 'WARNING', 'Ambulance', TRUE, NOW() - INTERVAL '40 minutes'),
  ('c3000001-0000-4000-8000-000000000008', 'بلاغ حالة طارئة في حلب.', 'CRITICAL', 'Emergency', FALSE, NOW() - INTERVAL '25 minutes'),
  ('c3000001-0000-4000-8000-000000000009', 'استقرت سعة مشفى المواساة الجامعي ضمن النطاق الطبيعي.', 'INFO', 'Hospital', TRUE, NOW() - INTERVAL '15 minutes'),
  ('c3000001-0000-4000-8000-000000000010', 'سيارة الإسعاف AMB-DEZ-12 غير متاحة الآن.', 'WARNING', 'Ambulance', FALSE, NOW() - INTERVAL '12 minutes'),
  ('c3000001-0000-4000-8000-000000000011', 'دخلت عيادة القرداحة الجبلية وضع الصيانة.', 'WARNING', 'Hospital', TRUE, NOW() - INTERVAL '8 minutes'),
  ('c3000001-0000-4000-8000-000000000012', 'تم تأكيد نبض النظام لحساسات الشبكة الطبية.', 'INFO', 'System', TRUE, NOW() - INTERVAL '2 minutes');
